District_1,County,Enrollment_1,PercentFreeorReducedLunch,SumofAmountofBondTax,BondAmountPerStudent
Vineland Elementary,Kern,732,99.9,4000000,5464
Mendota Unified,Fresno,3443,99.1,34000000,9875
Round Valley Unified,Mendocino,459,99.1,4000000,8715
Parlier Unified,Fresno,3421,98.5,10500000,3069
Terra Bella Union Elementary,Tulare,920,98.4,3300000,3587
Golden Plains Unified,Fresno,1698,96.7,13000000,7656
Pixley Union Elementary,Tulare,1072,96.1,7800000,7276
Arvin Union,Kern,3050,95.6,26000000,8525
Cutler-Orosi Joint Unified,Tulare,4125,95.4,22400000,5430
Greenfield Union Elementary,Monterey,3571,94.7,99600000,27891
Traver Joint Elementary,Tulare,216,94,1400000,6481
Lindsay Unified,Tulare,4111,93.6,43900000,10679
San Pasqual Valley Unified,Imperial,714,93,8000000,11204
Lennox,Los Angeles,7244,92.8,20700000,2858
Edison Elementary,Kern,1041,92.7,6000000,5764
Planada Elementary,Merced,805,92.5,4400000,5466
Delano Joint Union High,Kern,4314,92.4,82000000,19008
Earlimart Elementary,Tulare,1833,92.4,10300000,5619
Paramount Unified,Los Angeles,15213,92.3,206000000,13541
El Monte City,Los Angeles,8233,92.1,243000000,29515
Reef-Sunset Unified,Kings,2664,92.1,32800000,12312
King City Union,Monterey,2662,92,12000000,4508
Kings River Union Elementary,Tulare,465,92,1700000,3656
Stone Corral Elementary,Tulare,619,91.8,715000,1155
Mountain View Elementary,Los Angeles,6773,91.4,57000000,8416
Richland Union Elementary,Kern,3475,91.2,23000000,6619
Soledad Unified,Monterey,4882,90.9,65210000,13357
Lamont Elementary,Kern,3106,90.9,4200000,1352
San Ardo Union Elementary,Monterey,105,90.5,6800000,64762
Lucerne Elementary,Lake,263,90.5,4000000,15209
Caruthers Unified,Fresno,1450,90.1,18000000,12414
McFarland Unified,Kern,3588,90.1,33300000,9281
Loleta Union Elementary,Humboldt,101,90.1,456000,4515
Fairfax Elementary,Kern,2705,89.9,43800000,16192
Williams Unified,Colusa,1357,89.9,11000000,8106
Bakersfield City,Kern,30699,89.8,210000000,6841
Firebaugh-Las Deltas Unified,Fresno,2260,89.8,15000000,6637
Lynwood Unified,Los Angeles,14211,89.7,178000000,12526
South Whittier Elementary,Los Angeles,2781,89.5,36500000,13125
Wasco Union Elementary,Kern,3649,89.4,25700000,7043
Woodlake Unified,Tulare,2135,89.3,10600000,4965
Peninsula Union,Humboldt,37,89.2,6000000,162162
Santa Maria-Bonita,Santa Barbara,17122,89.2,45000000,2628
Ravenswood City Elementary,San Mateo,3632,88.8,106000000,29185
Robla Elementary,Sacramento,2345,88.7,29800000,12708
Bassett Unified,Los Angeles,3611,88.6,103000000,28524
Santa Paula Unified,Ventura,5306,88.6,88600000,16698
Coachella Valley Unified,Riverside,18372,88.6,291000000,15839
Roseland,Sonoma,2874,88.6,7000000,2436
Beardsley Elementary,Kern,1908,88.4,30300000,15881
San Bernardino City Unified,San Bernardino,53027,88.3,440000000,8298
El Monte Union High,Los Angeles,8880,88.2,238000000,26802
Chualar Union,Monterey,330,88.2,2900000,8788
Madera Unified,Madera,20956,88.1,148500000,7086
Heber Elementary,Imperial,1204,87.9,6000000,4983
Hawthorne,Los Angeles,8364,87.8,103000000,12315
Fresno Unified,Fresno,73455,87.6,704000000,9584
Modesto City Elementary,Stanislaus,15121,87.1,17000000,1124
Palm Springs Unified,Riverside,23103,86.8,929460000,40231
Hueneme Elementary,Ventura,8429,86.8,70900001,8411
Weaver Union,Merced,2816,86.8,18800000,6676
Thermalito Union Elementary,Butte,1550,86.6,2050000,1323
Baldwin Park Unified,Los Angeles,16695,86.5,122100000,7314
Compton Unified,Los Angeles,23665,86.3,430000000,18170
Laton Joint Unified,Fresno,695,86.2,7000000,10072
Anaheim Elementary,Orange,17911,86,598300000,33404
Pomona Unified,Los Angeles,23741,85.7,653000000,27505
Mojave Unified,Kern,2833,85.7,62100000,21920
Brawley Elementary,Imperial,3980,85.7,21500000,5402
Banning Unified,Riverside,4526,85.6,100500000,22205
Perris Elementary,Riverside,5921,85.4,65000000,10978
Corning Union Elementary,Tehama,2112,85.3,2700000,1278
Calexico Unified,Imperial,9200,85.2,75000000,8152
Twin Rivers Unified,Sacramento,32538,84.9,374900000,11522
Taft City,Kern,2327,84.8,43600000,18737
Washington Colony Elementary,Fresno,441,84.8,400000,907
Dos Palos Oro Loma Joint Unified,Merced,2404,84.7,4400000,1830
Palmdale Elementary,Los Angeles,22777,84.6,325000000,14269
Empire Union Elementary,Stanislaus,3020,84.6,15000000,4967
Rialto Unified,San Bernardino,25480,84.5,158000000,6201
Lancaster Elementary,Los Angeles,15212,84.5,92000000,6048
Magnolia Elementary,Orange,6080,84.5,26000000,4276
Seeley Union Elementary,Imperial,366,84.4,6000000,16393
Konocti Unified,Lake,3489,84.4,48100000,13786
Southern Trinity Joint Unified,Trinity,83,84.3,2300000,27711
Alisal Union,Monterey,9162,84.3,185000000,20192
Delhi Unified,Merced,2561,84.3,20000000,7809
Fontana Unified,San Bernardino,37176,84.2,278900000,7502
Selma Unified,Fresno,6451,84,54600000,8464
Upper Lake Unified,Lake,838,83.8,19800000,23628
Oxnard,Ventura,16599,83.7,296500000,17863
Guadalupe Union Elementary,Santa Barbara,1298,83.7,11450000,8821
Calipatria Unified,Imperial,1168,83.6,9000000,7705
Cascade Union Elementary,Shasta,1119,83.4,21300000,19035
Elverta Joint Elementary,Sacramento,312,83.3,10500000,33654
Tipton Elementary,Tulare,589,83.2,3300000,5603
Atwater Elementary,Merced,5073,83.2,11000000,2168
Kerman Unified,Fresno,5148,83.1,62900000,12218
Colton Joint Unified,San Bernardino,22561,83,327000000,14494
Lawndale Elementary,Los Angeles,5953,82.9,53000000,8903
Delano Union Elementary,Kern,7145,82.9,45000000,6298
North Monterey County Unified,Monterey,4616,82.7,44550000,9651
Standard Elementary,Kern,3115,82.6,72200000,23178
Live Oak Unified,Sutter,1866,82.6,22400000,12004
Azusa Unified,Los Angeles,8270,82.5,165700000,20036
Ceres Unified,Stanislaus,14714,82.3,85000000,5777
Inglewood Unified,Los Angeles,12086,82.1,221000000,18286
Los Nietos,Los Angeles,1617,82,59140000,36574
National Elementary,San Diego,5712,82,56100000,9821
Rio Dell Elementary,Humboldt,333,82,1600000,4805
Livingston Union,Merced,2519,81.9,10000000,3970
Garvey Elementary,Los Angeles,4670,81.8,85000000,18201
Merced River Union Elementary,Merced,176,81.8,2500000,14205
Moreno Valley Unified,Riverside,33134,81.7,448000000,13521
Kings Canyon Joint Unified,Fresno,9792,81.7,100000000,10212
Dinuba Unified,Tulare,6579,81.7,51915000,7891
Klamath-Trinity Joint Unified,Humboldt,1001,81.5,12450000,12438
Armona Union Elementary,Kings,1463,81.5,9285000,6347
Montebello Unified,Los Angeles,26521,81.4,398000000,15007
Ocean View,Ventura,2626,81.3,173200000,65956
Alum Rock Union Elementary,Santa Clara,11270,81.3,444000000,39397
Coalinga-Huron Unified,Fresno,4450,81.3,55100000,12382
Ontario-Montclair,San Bernardino,21100,81.3,209655000,9936
El Centro Elementary,Imperial,6145,81.3,30100000,4898
Val Verde Unified,Riverside,20244,81.2,221440000,10939
Chowchilla Elementary,Madera,2243,81.2,13000000,5796
Los Angeles Unified,Los Angeles,621414,81.1,18205000000,29296
Merced City Elementary,Merced,11077,81.1,86500000,7809
Riverbank Unified,Stanislaus,2988,81.1,15200000,5087
General Shafter Elementary,Kern,147,81,7500000,51020
Hemet Unified,Riverside,21797,81,258000000,11836
Bellevue Union,Sonoma,1845,80.8,31000000,16802
Chatom Union,Stanislaus,582,80.8,5000000,8591
Wasco Union High,Kern,1864,80.6,33500000,17972
Anderson Valley Unified,Mendocino,488,80.5,15250000,31250
Victor Elementary,San Bernardino,12939,80.4,180000000,13911
Santa Ana Unified,Orange,53131,80.4,345150000,6496
Porterville Unified,Tulare,14429,80.2,23000000,1594
Arena Union Elementary,Mendocino,310,80,3700000,11935
Hanford Elementary,Kings,5973,80,24000000,4018
Farmersville Unified,Tulare,2532,80,4800000,1896
Victor Valley Union High,San Bernardino,12969,79.8,500000000,38553
Mountain Valley Unified,Trinity,253,79.8,5950000,23518
Stockton Unified,San Joaquin,40840,79.8,934500000,22882
Kernville Union Elementary,Kern,899,79.8,11600000,12903
Rosemead Elementary,Los Angeles,2438,79.7,90000000,36916
Barstow Unified,San Bernardino,6226,79.3,53000000,8513
Gustine Unified,Merced,1861,79.3,14000000,7523
Marysville Joint Unified,Yuba,10096,79.2,84000000,8320
Kelseyville Unified,Lake,1702,79,26930000,15823
San Jacinto Unified,Riverside,11446,78.9,194900000,17028
Patterson Joint Unified,Stanislaus,6103,78.4,103352058,16935
Alvord Unified,Riverside,19005,78.3,275000000,14470
Shandon Joint Unified,San Luis Obispo,321,78.2,3150000,9813
Merced Union High,Merced,10542,78.1,174083000,16513
Salinas City Elementary,Monterey,8844,77.6,80000000,9046
Black Butte Union Elementary,Shasta,211,77.3,4000000,18957
Orland Joint Unified,Glenn,2241,77.1,21900000,9772
Le Grand Union High,Merced,501,77,6150000,12275
Jurupa Unified,Riverside,19112,76.3,144000000,7535
Oroville Union High,Butte,2199,76.2,10400000,4729
Emery Unified,Alameda,690,75.9,95000000,137681
Fowler Unified,Fresno,2609,75.7,63000000,24147
Big Pine Unified,Inyo,151,75.5,6300000,41722
Buena Park Elementary,Orange,4684,75.4,84800000,18104
Oroville City Elementary,Butte,2637,75.4,6000000,2275
La Habra City Elementary,Orange,4713,75.3,31000000,6578
Rowland Unified,Los Angeles,14132,75.2,276800000,19587
Central Union High,Imperial,4182,75.2,30000000,7174
Needles Unified,San Bernardino,969,75,17719604,18286
Whittier City Elementary,Los Angeles,6104,75,85000000,13925
Briggs Elementary,Ventura,549,75,7000000,12751
Keyes Union,Stanislaus,1154,74.7,5000000,4333
Fillmore Unified,Ventura,3751,74.6,45000000,11997
Rio Elementary,Ventura,5090,74.6,38500000,7564
Centinela Valley Union High,Los Angeles,7501,74.5,255000000,33995
Princeton Joint Unified,Glenn,165,74.5,2750000,16667
Oakland Unified,Alameda,50231,74.4,1213000000,24148
Mount Pleasant Elementary,Santa Clara,2333,74.4,25000000,10716
Palo Verde Unified,Riverside,3006,74.4,10000000,3327
Perris Union High,Riverside,10844,74.1,215420000,19865
Pittsburg Unified,Contra Costa,11537,73.8,310500000,26913
Lemon Grove,San Diego,3730,73.8,50000000,13405
Tulare Joint Union High,Tulare,5544,73.6,90000000,16234
Calistoga Joint Unified,Napa,849,73.4,42000000,49470
Southern Kern Unified,Kern,3560,73.4,64400000,18090
Meadows Union Elementary,Imperial,503,73.4,6000000,11928
Gateway Unified,Shasta,2502,73.3,41000000,16387
Hacienda la Puente Unified,Los Angeles,18438,73,148000000,8027
Santa Maria Joint Union High,Santa Barbara,7949,72.9,223000000,28054
Savanna Elementary,Orange,2272,72.9,53685000,23629
Franklin-McKinley Elementary,Santa Clara,10596,72.9,165400000,15610
Sanger Unified,Fresno,12102,72.9,140800000,11634
Pajaro Valley Unified,Santa Cruz,20279,72.9,208250000,10269
Willits Unified,Mendocino,1895,72.8,45500000,24011
Burton Elementary,Tulare,4920,72.7,8955000,1820
Gridley Unified,Butte,2059,72.6,2500000,1214
Norwalk-La Mirada Unified,Los Angeles,17890,72.5,540000000,30184
Wright Elementary,Sonoma,1567,72.4,14000000,8934
Ukiah Unified,Mendocino,6613,72.4,43000000,6502
Anaheim Union High,Orange,30729,72.1,381000000,12399
Yuba City Unified,Sutter,13236,72.1,56318000,4255
Coast Unified,San Luis Obispo,606,71.9,12700000,20957
Escondido Union,San Diego,18695,71.9,228400000,12217
El Rancho Unified,Los Angeles,8674,71.7,301500000,34759
Fort Bragg Unified,Mendocino,1920,71.7,38200000,19896
Whittier Union High,Los Angeles,11851,71.7,173000000,14598
Holtville Unified,Imperial,1554,71.7,8000000,5148
Enterprise Elementary,Shasta,3782,71.6,34000000,8990
Westminster,Orange,9264,71.5,206000000,22237
Colusa Unified,Colusa,1450,71.5,5900000,4069
Brawley Union High,Imperial,1857,71.4,10000000,5385
Somis Union,Ventura,261,71.3,8000000,30651
Newman-Crows Landing Unified,Stanislaus,3127,71.3,47440000,15171
Bear Valley Unified,San Bernardino,2489,71.3,25000000,10044
Garden Grove Unified,Orange,43163,71.2,561000000,12997
Antelope Valley Union High,Los Angeles,22726,71.2,103600000,4559
South Bay Union,San Diego,7379,71.1,86900000,11777
Santa Rita Union Elementary,Monterey,3568,70.8,14600000,4092
Little Lake City Elementary,Los Angeles,4475,70.6,52000000,11620
Vallejo City Unified,Solano,14468,70.5,239000000,16519
Laytonville Unified,Mendocino,375,70.4,5500000,14667
Fallbrook Union Elementary,San Diego,4864,70.3,32000000,6579
Buena Vista Elementary,Tulare,212,70.3,233000,1099
Eureka City Schools,Humboldt,3929,70.2,92850000,23632
Nuview Union,Riverside,2881,70.2,49600000,17216
Corning Union High,Tehama,974,70.2,8300000,8522
Salinas Union High,Monterey,15631,70.1,217000000,13883
Pierce Joint Unified,Colusa,1473,69.9,21000000,14257
Sacramento City Unified,Sacramento,46595,69.8,834000000,17899
West Contra Costa Unified,Contra Costa,31649,69.6,1630000000,51502
Mattole Unified,Humboldt,779,69.3,2000000,2567
South Bay Union Elementary,Humboldt,913,69.2,4000000,4381
Panama-Buena Vista Union,Kern,18250,69,147000000,8055
Lodi Unified,San Joaquin,31394,68.7,504300000,16064
Exeter Unified,Tulare,2834,68.7,27350000,9651
Central Unified,Fresno,15893,68.6,279300000,17574
Downey Unified,Los Angeles,21962,68.6,313000000,14252
Chowchilla Union High,Madera,1113,68.6,8100000,7278
Bellflower Unified,Los Angeles,11946,68.6,79000000,6613
Morongo Unified,San Bernardino,8652,68.4,48150000,5565
Kern High,Kern,39520,68.3,499000000,12627
Desert Sands Unified,Riverside,28708,68.2,675000000,23513
Covina-Valley Unified,Los Angeles,11862,68.2,245000000,20654
Fortuna Elementary,Humboldt,1347,68.2,10000000,7424
Stanislaus Union Elementary,Stanislaus,3523,68.1,39800000,11297
Guerneville Elementary,Sonoma,278,68,13000000,46763
Happy Valley Union Elementary,Shasta,527,67.9,6295000,11945
John Swett Unified,Contra Costa,1536,67.8,92200000,60026
Los Banos Unified,Merced,10863,67.5,109000000,10034
Hayward Unified,Alameda,22734,67.4,434000000,19090
Visalia Unified,Tulare,28879,67.3,102600000,3553
Alhambra Unified,Los Angeles,16855,67.2,394000000,23376
San Rafael City Elementary,Marin,4730,67.1,183525000,38800
Long Beach Unified,Los Angeles,74681,66.9,2700000000,36154
Duarte Unified,Los Angeles,4318,66.9,62000000,14358
Lompoc Unified,Santa Barbara,10142,66.9,103000000,10156
Antioch Unified,Contra Costa,17233,66.8,118100000,6853
Bayshore Elementary,San Mateo,378,66.7,13000000,34392
Lakeport Unified,Lake,1509,66.5,24300000,16103
Elk Hills Elementary,Kern,187,66.3,7905000,42273
Cajon Valley Union,San Diego,17369,66.3,339900000,19569
Lake Elsinore Unified,Riverside,21937,66.2,105000000,4786
San Lorenzo Unified,Alameda,11530,66.1,262000000,22723
Lakeside Union,Kern,1378,66.1,22500000,16328
Del Norte County Unified,Del Norte,3628,66,24987000,6887
Center Joint Unified,Sacramento,4332,65.9,500000000,115420
West Covina Unified,Los Angeles,12754,65.9,183000000,14348
Potter Valley Community Unified,Mendocino,255,65.9,3100000,12157
Modesto City High,Stanislaus,15488,65.8,65000000,4197
Washington Unified,Yolo,8281,65.5,158880000,19186
Riverside Unified,Riverside,42428,65.4,567000000,13364
Lost Hills Union Elementary,Kern,510,65.1,13200000,25882
Winters Joint Unified,Yolo,1531,64.9,32000000,20901
Denair Unified,Stanislaus,1273,64.9,21200000,16654
Blue Lake Union Elementary,Humboldt,185,64.9,2000000,10811
Aromas/San Juan Unified,San Benito,1101,64.8,20900000,18983
Apple Valley Unified,San Bernardino,14415,64.5,36000000,2497
Monterey Peninsula Unified,Monterey,10685,64.2,323000000,30229
Paradise Elementary,Stanislaus,192,64.1,400000,2083
San Gabriel Unified,Los Angeles,7244,64,112150000,15482
Central Elementary,San Bernardino,4555,63.9,66000000,14490
El Tejon Unified,Kern,754,63.8,23120000,30663
San Leandro Unified,Alameda,8880,63.5,263100000,29628
Hanford Joint Union High,Kings,3802,63.5,66500000,17491
Mark Twain Union Elementary,Calaveras,821,63.5,9600000,11693
Bradley Union Elementary,Monterey,275,63.3,1100000,4000
Ballico-Cressey Elementary,Merced,367,63.2,6500000,17711
Oxnard Union High,Ventura,17474,63,485000001,27756
Vista Unified,San Diego,24708,63,139800000,5658
Lincoln Unified,San Joaquin,9420,62.6,98500000,10456
Waterford Unified,Stanislaus,3967,62.6,10650000,2685
Woodland Joint Unified,Yolo,10041,62.4,40000000,3984
Turlock Unified,Stanislaus,14241,62.3,332375000,23339
Santa Rosa Elementary,Sonoma,5246,62.1,73000000,13915
Middletown Unified,Lake,1712,62,15300000,8937
Manteca Unified,San Joaquin,23757,61.9,225000000,9471
Carpinteria Unified,Santa Barbara,2205,61.5,90000000,40816
Hollister,San Benito,5856,61.4,64500000,11014
Mountain View Elementary,San Bernardino,2559,61.3,188000000,73466
Chaffey Joint Union High,San Bernardino,23969,61.3,848000000,35379
Redding Elementary,Shasta,3292,60.9,28000000,8505
Sonoma Valley Unified,Sonoma,4451,60.8,160000000,35947
Fallbrook Union High,San Diego,2165,60.8,45000000,20785
Sierra Sands Unified,Kern,5085,60.8,50500000,9931
Lake Tahoe Unified,El Dorado,3906,60.7,81500000,20865
Kingsburg Elementary Charter,Fresno,2232,60.6,17500000,7841
Red Bluff Joint Union High,Tehama,1650,60.2,26000000,15758
Cloverdale Unified,Sonoma,1440,60.1,21000000,14583
Grass Valley Elementary,Nevada,1721,60.1,18800000,10924
McKinleyville Union Elementary,Humboldt,1166,59.9,14000000,12007
Owens Valley Unified,Inyo,92,59.8,2600000,28261
Sweetwater Union High,San Diego,40737,59.8,733354000,18002
Trinidad Union Elementary,Humboldt,211,59.7,2200000,10427
Escondido Union High,San Diego,9480,59.7,98000000,10338
Monrovia Unified,Los Angeles,5563,59.5,45000000,8089
Linden Unified,San Joaquin,2252,59.4,11500000,5107
San Diego Unified,San Diego,126400,59.3,6410000000,50712
Pasadena Unified,Los Angeles,18164,59.3,350000000,19269
Leggett Valley Unified,Mendocino,127,59.1,1750000,13780
La Mesa-Spring Valley,San Diego,12583,59.1,44000000,3497
Jefferson Elementary,San Mateo,6821,59,119500000,17519
Evergreen Union,Tehama,1225,59,18400000,15020
Bass Lake Joint Union Elementary,Madera,898,58.9,15000000,16704
Oceanside Unified,San Diego,20459,58.8,320000000,15641
Centralia Elementary,Orange,4327,58.6,66500000,15369
Redlands Unified,San Bernardino,21261,58.6,125500000,5903
Mother Lode Union Elementary,El Dorado,1064,58.5,7500000,7049
Fairfield-Suisun Unified,Solano,21539,58.3,349000000,16203
Mariposa County Unified,Mariposa,1816,58.3,24000000,13216
Geyserville Unified,Sonoma,237,58.2,3250000,13713
Pacheco Union Elementary,Shasta,635,58,11000000,17323
Hilmar Unified,Merced,2387,57.9,2000000,838
Fall River Joint Unified,Shasta,1209,57.7,4400000,3639
Southern Humboldt Joint Unified,Humboldt,789,57.5,35200000,44613
Galt Joint Union High,Sacramento,2184,57.5,65200000,29853
Siskiyou Union High,Siskiyou,542,57.4,12500000,23063
Helendale Elementary,San Bernardino,3221,57.4,20000000,6209
Charter Oak Unified,Los Angeles,4765,57.1,77000000,16159
San Antonio Union Elementary,Monterey,147,57.1,2100000,14286
Live Oak Elementary,Santa Cruz,2036,57.1,14500000,7122
Beaumont Unified,Riverside,10337,56.8,141000000,13640
Susanville Elementary,Lassen,1116,56.8,9000000,8065
Hughson Unified,Stanislaus,2052,56.5,19700000,9600
Upland Unified,San Bernardino,10913,56.5,103000000,9438
Mountain Empire Unified,San Diego,3163,56.3,3200000,1012
Eastern Sierra Unified,Mono,417,55.9,11100000,26619
Dixon Unified,Solano,3652,55.8,59600000,16320
Big Oak Flat-Groveland Unified,Tuolumne,287,55.7,18600000,64808
Calaveras Unified,Calaveras,2870,55.7,13500000,4704
River Delta Joint Unified,Sacramento,2322,55.6,23000000,9905
Gilroy Unified,Santa Clara,11834,55.3,389000000,32871
Banta Elementary,San Joaquin,851,55.3,800000,940
Galt Joint Union Elementary,Sacramento,3639,55,28940000,7953
Placerville Union Elementary,El Dorado,1281,55,9600000,7494
Plumas Unified,Plumas,2147,54.9,65000000,30275
Mammoth Unified,Mono,1200,54.8,63100000,52583
Bishop Unified,Inyo,1951,54.7,3000000,1538
Linns Valley-Poso Flat Union,Kern,22,54.5,340000,15455
Pacific Union Elementary,Humboldt,587,54.5,8100000,13799
Julian Union High,San Diego,131,54.2,2100000,16031
Chawanakee Unified,Madera,1086,54.2,9000000,8287
Buttonwillow Union Elementary,Kern,344,54.1,6500000,18895
Solvang Elementary,Santa Barbara,600,54,11650000,19417
Anderson Union High,Shasta,1779,54,12300000,6914
Elk Grove Unified,Sacramento,63297,53.9,476000000,7520
Rim of the World Unified,San Bernardino,3348,53.9,23340000,6971
Ferndale Unified,Humboldt,499,53.9,1100000,2204
Healdsburg Unified,Sonoma,1531,53.8,124810000,81522
Grossmont Union High,San Diego,21492,53.7,819000000,38107
San Benito High,San Benito,3066,53.7,102500000,33431
Sulphur Springs Union,Los Angeles,5395,53.5,72000000,13346
East Side Union High,Santa Clara,27263,53.4,1470200000,53927
San Juan Unified,Sacramento,50044,53.4,1607000000,32112
East Whittier City Elementary,Los Angeles,8650,53.4,94000000,10867
Sylvan Union Elementary,Stanislaus,8332,53.4,40000000,4801
Arcata Elementary,Humboldt,1087,53,15800000,14535
Tracy Joint Unified,San Joaquin,16237,53,176100000,10846
Oak View Union Elementary,San Joaquin,402,53,3700000,9204
Piner-Olivet Union Elementary,Sonoma,1358,52.9,20000000,14728
Pollock Pines Elementary,El Dorado,701,52.8,9000000,12839
Brittan Elementary,Sutter,458,52.8,4000000,8734
Valley Home Joint Elementary,Stanislaus,167,52.7,1400000,8383
Springville Union Elementary,Tulare,331,52.6,2200000,6647
Chula Vista Elementary,San Diego,30120,52.6,185000000,6142
Howell Mountain Elementary,Napa,99,52.5,2900000,29293
Fortuna Union High,Humboldt,1080,52.4,11500000,10648
Lemoore Union High,Kings,2204,52.3,29500000,13385
Fieldbrook Elementary,Humboldt,151,52.3,450000,2980
San Rafael City High,Marin,2648,52.2,223000000,84215
Plaza Elementary,Glenn,209,52.2,750000,3589
San Francisco Unified,San Francisco,60263,52.1,2020250000,33524
Midway Elementary,Kern,85,51.8,7800000,91765
Yreka Union High,Siskiyou,612,51.8,8000000,13072
Cottonwood Union Elementary,Shasta,1163,51.8,2200000,1892
Camino Union Elementary,El Dorado,466,51.7,4000000,8584
Natomas Unified,Sacramento,14895,51.5,320380000,21509
Maricopa Unified,Kern,6367,51,6000000,942
Redwood City Elementary,San Mateo,8803,50.9,215000000,24423
Escalon Unified,San Joaquin,2935,50.7,27000000,9199
Newark Unified,Alameda,5913,50.6,63000000,10654
Orchard Elementary,Santa Clara,875,50.5,56000000,64000
Santa Barbara Unified,Santa Barbara,15042,50.4,395000000,26260
Napa Valley Unified,Napa,18093,50.2,547000000,30233
Glendale Unified,Los Angeles,26071,50.2,270000000,10356
Paso Robles Joint Unified,San Luis Obispo,6871,50.1,135000000,19648
Lucia Mar Unified,San Luis Obispo,10551,49.9,191350000,18136
Fullerton Joint Union High,Orange,13901,49.8,242940000,17476
Rio Bravo-Greeley Union Elementary,Kern,1029,49.8,10900000,10593
La Honda-Pescadero Unified,San Mateo,316,49.7,15000000,47468
Yosemite Unified,Madera,2176,49.5,11760000,5404
Imperial Unified,Imperial,4149,48.9,52000000,12533
Ojai Unified,Ventura,2518,48.8,35000000,13900
New Haven Unified,Alameda,11613,48.7,245000000,21097
Westside Union Elementary,Los Angeles,9434,48.1,96710000,10251
North County Joint Union Elementary,San Benito,747,47.9,3350000,4485
Acton-Agua Dulce Unified,Los Angeles,14855,47.9,13000000,875
San Miguel Joint Union,San Luis Obispo,901,47.6,9750000,10821
Wheatland,Yuba,1376,47.6,5700000,4142
Manchester Union Elementary,Mendocino,40,47.5,1310000,32750
Rincon Valley Union Elementary,Sonoma,3442,47.4,58900000,17112
Orange Unified,Orange,27915,47.4,288000000,10317
Santa Rosa High,Sonoma,11186,47.2,252000000,22528
Chino Valley Unified,San Bernardino,28141,47,900000000,31982
Fruitvale Elementary,Kern,3240,47,52800000,16296
Round Valley Joint Elementary,Inyo,143,46.9,1200000,8392
Chico Unified,Butte,14228,46.8,230000000,16165
Amador County Unified,Amador,3926,46.8,11000000,2802
Ocean View,Orange,8263,46.7,13200000,1597
Northern Humboldt Union High,Humboldt,1761,46.6,25800000,14651
Forestville Union Elementary,Sonoma,263,46.4,10200000,38783
Pioneer Union Elementary,Kings,1593,46.3,14500000,9102
Black Oak Mine Unified,El Dorado,1242,46.2,6900000,5556
Sausalito Marin City,Marin,538,46.1,15900000,29554
Menifee Union Elementary,Riverside,11676,46.1,180960000,15498
Oakley Union Elementary,Contra Costa,5197,46,47500000,9140
Wheatland Union High,Yuba,784,45.8,9000000,11480
San Jose Unified,Santa Clara,31713,45.7,719000000,22672
Corona-Norco Unified,Riverside,53294,45.6,646000000,12121
Hart-Ransom Union Elementary,Stanislaus,1211,45.5,3900000,3220
Soulsbyville Elementary,Tuolumne,530,45.3,1500000,2830
Mt. Diablo Unified,Contra Costa,31317,45.2,598000000,19095
Cayucos Elementary,San Luis Obispo,191,45,7850000,41099
Pacific Elementary,Santa Cruz,120,45,830000,6917
Cotati-Rohnert Park Unified,Sonoma,6198,44.8,160000000,25815
Sonora Elementary,Tuolumne,748,44.8,7800000,10428
Golden Valley Unified,Madera,1940,44.5,100000000,51546
Summerville Union High,Tuolumne,1122,44.4,17991000,16035
Sundale Union Elementary,Tulare,827,44.4,1250000,1511
Newport-Mesa Unified,Orange,21234,44.3,282000000,13281
Lakeside Union Elementary,San Diego,6217,44.2,110550000,17782
Harmony Union Elementary,Sonoma,652,44,9600000,14724
Cuyama Joint Unified,Santa Barbara,761,43.9,6000000,7884
Campbell Union,Santa Clara,7298,43.7,296900000,40682
Temple City Unified,Los Angeles,5831,43.7,128800000,22089
Oakdale Joint Unified,Stanislaus,5326,43.3,20000000,3755
Mark West Union Elementary,Sonoma,1459,43.2,25000000,17135
Sonora Union High,Tuolumne,1079,43.1,23000000,21316
Mendocino Unified,Mendocino,509,43,18000000,35363
Tehachapi Unified,Kern,4454,42.7,24000000,5388
Santa Cruz City Elementary,Santa Cruz,2096,42.7,68000000,32443
Kingsburg Joint Union High,Fresno,1158,42.7,32900000,28411
Oak Grove Elementary,Santa Clara,10305,42.2,214800000,20844
Clovis Unified,Fresno,43106,42.2,466000000,10811
Sebastopol Union Elementary,Sonoma,905,41.9,12200000,13481
Dry Creek Joint Elementary,Placer,6866,41.8,67300000,9802
Santee,San Diego,6788,41.8,60000000,8839
Vacaville Unified,Solano,13163,41.7,295300000,22434
South San Francisco Unified,San Mateo,8707,41.6,162000000,18606
Newhall,Los Angeles,6537,41.6,95500000,14609
Freshwater Elementary,Humboldt,354,41.5,2100000,5932
Bret Harte Union High,Calaveras,689,41.4,18000000,26125
Santa Clara Unified,Santa Clara,15509,41.3,815100000,52557
Orcutt Union Elementary,Santa Barbara,5202,41.3,75000000,14418
Gold Oak Union Elementary,El Dorado,489,40.9,8950000,18303
Santa Cruz City High,Santa Cruz,4637,40.8,140000000,30192
Nevada Joint Union High,Nevada,2801,40.3,62000000,22135
Tustin Unified,Orange,24015,40.2,95000000,3956
Etiwanda Elementary,San Bernardino,14111,39.8,137000000,9709
Sequoia Union High,San Mateo,10021,39.6,588000000,58677
Cabrillo Unified,San Mateo,3207,39.6,180000000,56127
Buellton Union Elementary,Santa Barbara,564,39.5,9700000,17199
Tahoe-Truckee Unified,Placer,4133,39.3,265450000,64227
Saint Helena Unified,Napa,1192,39.3,60000000,50336
Atascadero Unified,San Luis Obispo,4683,39.3,175000000,37369
San Marcos Unified,San Diego,21007,39.3,287000000,13662
College Elementary,Santa Barbara,396,38.9,9370000,23662
Alta Loma Elementary,San Bernardino,5987,38.6,83800000,13997
Morgan Hill Unified,Santa Clara,9133,38.5,270750000,29645
Old Adobe Union,Sonoma,2097,38.5,26000000,12399
Bonita Unified,Los Angeles,10088,38.4,139920000,13870
Dehesa Elementary,San Diego,8677,38.4,8500000,980
Luther Burbank,Santa Clara,517,38.3,9500000,18375
Ripon Unified,San Joaquin,4334,38.3,35236190,8130
Claremont Unified,Los Angeles,7075,38.2,58000000,8198
Windsor Unified,Sonoma,5176,38.1,112000000,21638
San Luis Coastal Unified,San Luis Obispo,7755,38,177000000,22824
Novato Unified,Marin,7863,37.9,329000000,41842
Fullerton Elementary,Orange,13307,37.6,49700000,3735
Folsom-Cordova Unified,Sacramento,20353,37.3,1240000000,60925
Huntington Beach Union High,Orange,16188,37.3,238000000,14702
Bonsall Unified,San Diego,2930,37.2,17000000,5802
Wiseburn Unified,Los Angeles,4495,37.1,119600000,26607
East Nicolaus Joint Union High,Sutter,311,37,4000000,12862
Moorpark Unified,Ventura,6377,37,72500000,11369
Burbank Unified,Los Angeles,15173,37,110000000,7250
Pope Valley Union Elementary,Napa,57,36.8,4000000,70175
Jefferson Union High,San Mateo,4869,36.6,311800000,64038
Placentia-Yorba Linda Unified,Orange,25741,36.6,302000000,11732
Shasta Union High,Shasta,5605,36.2,87900000,15682
Petaluma City Elementary,Sonoma,2391,36,21000000,8783
Cypress Elementary,Orange,3957,35.5,53600000,13546
Murrieta Valley Unified,Riverside,23121,35.1,138400000,5986
Berkeley Unified,Alameda,10340,34.9,329750000,31891
Columbia Elementary,Shasta,1357,34.9,12300000,9064
Sunnyvale,Santa Clara,6575,34.7,120000000,18251
Western Placer Unified,Placer,9154,34.7,60000000,6555
Berryessa Union Elementary,Santa Clara,7102,34.6,125000000,17601
Simi Valley Unified,Ventura,16801,34.3,384000000,22856
Junction Elementary,Shasta,272,34.2,3500000,12868
Mountain View Whisman,Santa Clara,5132,34.1,198000000,38581
Soquel Union Elementary,Santa Cruz,1964,34.1,72000000,36660
Culver City Unified,Los Angeles,7048,33.8,106000000,15040
Hydesville Elementary,Humboldt,195,33.8,1100000,5641
Milpitas Unified,Santa Clara,10318,33.5,95000000,9207
Byron Union Elementary,Contra Costa,2325,33.5,19700000,8473
Mesa Union Elementary,Ventura,1251,33.5,7900000,6315
Castaic Union,Los Angeles,2153,33,51000000,23688
Sutter Union High,Sutter,789,33,12600000,15970
Oak Grove Union Elementary,Sonoma,1235,32.8,6000000,4858
McCabe Union Elementary,Imperial,1389,32,7000000,5040
Gold Trail Union Elementary,El Dorado,709,32,1800000,2539
West Sonoma County Union High,Sonoma,1959,31.6,114800000,58601
Hope Elementary,Santa Barbara,963,31.6,8000000,8307
William S. Hart Union High,Los Angeles,25080,31.4,458000000,18262
Jefferson Elementary,San Joaquin,2329,31.4,35400000,15200
Alameda Unified,Alameda,11299,31.3,242500000,21462
Muroc Joint Unified,Kern,1827,31.3,21000000,11494
Petaluma Joint Union High,Sonoma,5337,31.2,68000000,12741
Pleasant Valley,Ventura,7154,30.9,119000000,16634
Saddleback Valley Unified,Orange,27378,30.7,180000000,6575
Evergreen Elementary,Santa Clara,11385,30.6,250000000,21959
Moreland,Santa Clara,4805,30.4,90000000,18730
Torrance Unified,Los Angeles,23496,30.3,591800000,25187
Brea-Olinda Unified,Orange,5951,30.3,27000000,4537
San Mateo-Foster City,San Mateo,11837,30.1,323000000,27287
Glendora Unified,Los Angeles,7444,29.9,41300000,5548
Liberty Union High,Contra Costa,8219,29.7,162000000,19710
Cinnabar Elementary,Sonoma,259,29.3,2500000,9653
Wilmar Union Elementary,Sonoma,257,29.2,4000000,15564
Roseville City Elementary,Placer,10850,29.2,29117071,2684
Jacoby Creek Elementary,Humboldt,462,29,2700000,5844
Santa Ynez Valley Union High,Santa Barbara,944,28.4,14700000,15572
Martinez Unified,Contra Costa,4160,28.1,165000000,39663
Temecula Valley Unified,Riverside,29983,27.8,165000000,5503
Brentwood Union Elementary,Contra Costa,9049,27.6,193000000,21328
Graves Elementary,Monterey,40,27.5,180000,4500
Roseville Joint Union High,Placer,10282,27,290000001,28205
Arcadia Unified,Los Angeles,9460,26.4,218000000,23044
Capistrano Unified,Orange,53622,26,65000000,1212
Norris Elementary,Kern,4198,25.9,149000000,35493
Placer Union High,Placer,4037,25.8,41500000,10280
Twin Hills Union Elementary,Sonoma,1206,25.5,15000000,12438
Livermore Valley Joint Unified,Alameda,13765,25,640000000,46495
Fountain Valley Elementary,Orange,6362,24.9,63000000,9903
Franklin Elementary,Sutter,478,24.9,2000000,4184
Campbell Union High,Santa Clara,8043,24.8,460000000,57193
Conejo Valley Unified,Ventura,18733,24.8,285000000,15214
Bennett Valley Union Elementary,Sonoma,1022,24.7,10600000,10372
Benicia Unified,Solano,4787,24.5,49600000,10361
Santa Monica-Malibu Unified,Los Angeles,10806,24.4,706000000,65334
Saugus Union,Los Angeles,9960,24.3,148000000,14859
San Mateo Union High,San Mateo,9484,24.2,621500000,65531
Millbrae Elementary,San Mateo,2433,24.2,60000000,24661
Castro Valley Unified,Alameda,9312,24.2,183800000,19738
Big Creek Elementary,Fresno,59,23.7,1400000,23729
Carlsbad Unified,San Diego,11326,23.7,198000000,17482
Alexander Valley Union Elementary,Sonoma,116,23.3,6000000,51724
Shoreline Unified,Marin,510,23.1,16290000,31941
Gravenstein Union Elementary,Sonoma,724,22.8,6000000,8287
Loomis Union Elementary,Placer,4357,22.7,9300000,2134
San Pasqual Union Elementary,San Diego,587,22.5,1720000,2930
Walnut Valley Unified,Los Angeles,14310,22.2,282680000,19754
El Dorado Union High,El Dorado,6665,22.2,66300000,9947
San Lorenzo Valley Unified,Santa Cruz,4998,22.2,37400000,7483
Pacific Grove Unified,Monterey,2091,22,34433,28694
Pacifica,San Mateo,3114,21,55000000,17662
Los Olivos Elementary,Santa Barbara,139,20.9,4650000,33453
Brisbane Elementary,San Mateo,470,20.9,11000000,23404
Albany City Unified,Alameda,3658,20.2,118000000,32258
Huntington Beach City Elementary,Orange,7073,19.9,189850000,26842
Templeton Unified,San Luis Obispo,2370,19.9,35000000,14768
Mountain View-Los Altos Union High,Santa Clara,4304,19.7,336300000,78137
Buckeye Union Elementary,El Dorado,5996,19.7,28300000,4720
Mission Union Elementary,Monterey,131,19.1,315000,2405
Lammersville Joint Unified,San Joaquin,4911,18.9,56000000,11403
Irvine Unified,Orange,34617,18.9,319000000,9215
Fremont Unified,Alameda,35777,18.7,807200000,22562
South Pasadena Unified,Los Angeles,4794,18.5,127000000,26491
Rocklin Unified,Placer,13566,18.5,52000000,3833
Poway Unified,San Diego,36519,18.1,377000000,10323
Spreckels Union Elementary,Monterey,987,17.8,12335000,12497
Cardiff Elementary,San Diego,703,17.6,33000000,46942
Carmel Unified,Monterey,2490,17.3,21500000,8635
Redondo Beach Unified,Los Angeles,9937,17,260000000,26165
Beverly Hills Unified,Los Angeles,3933,16.9,1069000000,271803
Los Alamitos Unified,Orange,9833,16.8,126000000,12814
Grant Elementary,Shasta,648,16.8,1700000,2623
Cambrian,Santa Clara,3591,16.6,59975000,16701
El Segundo Unified,Los Angeles,3474,16.6,39000000,11226
Encinitas Union Elementary,San Diego,5350,16.3,44200000,8262
Fremont Union High,Santa Clara,11140,15.2,493000000,44255
Dixie Elementary,Marin,1984,14.3,40000000,20161
Burlingame Elementary,San Mateo,3507,12.7,160300000,45709
Las Virgenes Unified,Los Angeles,11323,12.7,128000000,11304
Walnut Creek Elementary,Contra Costa,3593,12.2,80000000,22266
Laguna Beach Unified,Orange,2929,12.2,39000000,13315
Tamalpais Union High,Marin,4828,11.4,200920000,41616
Union Elementary,Santa Clara,5793,11.1,217000000,37459
Palo Alto Unified,Santa Clara,12249,11.1,378000000,30860
Solana Beach Elementary,San Diego,2916,10.8,105000000,36008
San Dieguito Union High,San Diego,13063,10.8,449000000,34372
Scotts Valley Unified,Santa Cruz,2470,10.8,35000000,14170
Woodside Elementary,San Mateo,411,10.2,30700000,74696
Mountain Elementary,Santa Cruz,127,10.2,2300000,18110
Kentfield Elementary,Marin,1236,10.1,55400000,44822
Dublin Unified,Alameda,11294,10,566000000,50115
Ross Valley Elementary,Marin,2094,9.9,43500000,20774
Sunol Glen Unified,Alameda,293,9.6,2100000,7167
Coronado Unified,San Diego,2946,9.5,17000000,5771
Cold Spring Elementary,Santa Barbara,170,9.4,2440000,14353
Washington Union Elementary,Monterey,890,9.3,13000000,14607
Menlo Park City Elementary,San Mateo,2973,9.2,91100000,30642
Portola Valley Elementary,San Mateo,609,8.9,23000000,37767
Belmont-Redwood Shores Elementary,San Mateo,4324,8.4,133000000,30759
Pleasanton Unified,Alameda,14864,8.2,270000000,18165
Palos Verdes Peninsula Unified,Los Angeles,11346,7.2,40000000,3525
San Carlos Elementary,San Mateo,3549,6.7,110000000,30995
Acalanes Union High,Contra Costa,5662,6.7,137000000,24196
Oak Park Unified,Ventura,4554,6.7,106945000,23484
Cupertino Union,Santa Clara,18017,6.5,228000000,12655
Las Lomitas Elementary,San Mateo,1341,6.3,154000000,114840
Los Altos Elementary,Santa Clara,4403,6.1,244700000,55576
San Ramon Valley Unified,Contra Costa,32504,5.8,520000000,15998
Mill Valley Elementary,Marin,3086,5.7,59800000,19378
Loma Prieta Joint Union Elementary,Santa Clara,505,5.5,15565000,30822
Rancho Santa Fe Elementary,San Diego,639,4.9,38800000,60720
La Canada Unified,Los Angeles,4167,4.9,180000000,43197
Los Gatos Union Elementary,Santa Clara,3163,4.8,121900000,38539
Nicasio,Marin,43,4.7,2500000,48140
Reed Union Elementary,Marin,1444,4.6,51000000,35319
Hermosa Beach City Elementary,Los Angeles,1361,4.5,72600000,53343
Manhattan Beach Unified,Los Angeles,6647,4.5,246480000,37081
Los Gatos-Saratoga Joint Union High,Santa Clara,3425,3.9,178000000,51971
Moraga Elementary,Contra Costa,1832,3.7,33000000,18013
Larkspur-Corte Madera,Marin,1547,3.6,45000000,29089
Lafayette Elementary,Contra Costa,3591,3.6,70000000,19493
Saratoga Union Elementary,Santa Clara,1817,2.3,19900000,10952
Piedmont City Unified,Alameda,2623,1.8,122000000,46512
Hillsborough City Elementary,San Mateo,1405,1.7,66800000,47544
Ross Elementary,Marin,387,1.3,21750000,56202
